<?xml version="1.0" encoding="UTF-8"?>
<!DOCTYPE hibernate-configuration PUBLIC "-//Hibernate/Hibernate Configuration DTD 3.0//EN"
        "http://hibernate.sourceforge.net/hibernate-configuration-3.0.dtd">
<hibernate-configuration>
    <session-factory name="sessionFactory">
        <!-- Database connection settings -->
        <property name='connection.driver_class'>com.mysql.jdbc.Driver</property>
        <property name='connection.url'>jdbc:mysql://pie-mldb.mesos:3306/diskusage_predictions</property>
        <property name='connection.username'>root</property>
        <property name='connection.password'>mldb</property>
        <property name="hibernate.current_session_context_class">thread</property>
        <property name="hibernate.dialect">org.hibernate.dialect.MySQLDialect</property>
        <property name="hibernate.show_sql">true</property>
        <property name="hibernate.hbm2ddl.auto">update</property>
        <mapping class="com.ml.pie.diskusage.entities.DiskUsage"/>

    </session-factory>
</hibernate-configuration>
